{"kind":"per-method","program":{"actors":[{"id":"8965264e-fd46-4974-ace2-447490dd9305","kind":"stage","name":"Stage","handlers":[{"id":"145c511b-f583-4d4d-90dc-39a7f6907ec0","event":{"kind":"green-flag"},"pythonCode":"# Script 0 Line 01\n# Script 0 Line 02\n# Script 0 Line 03\n# Script 0 Line 04\n# Script 0 Line 05\n# Script 0 Line 06\n# Script 0 Line 07\n# Script 0 Line 08\n# Script 0 Line 09\n# Script 0 Line 10\n# Script 0 Line 11\n# Script 0 Line 12\n# Script 0 Line 13\n# Script 0 Line 14\n# Script 0 Line 15\n# Script 0 Line 16\n# Script 0 Line 17\n# Script 0 Line 18\n# Script 0 Line 19\n# Script 0 Line 20\n# Script 0 Line 21\n# Script 0 Line 22\n# Script 0 Line 23\n# Script 0 Line 24\n# Script 0 Line 25\n# Script 0 Line 26\n# Script 0 Line 27\n# Script 0 Line 28\n# Script 0 Line 29\n# Script 0 Line 30\n# Script 0 Line 31\n# Script 0 Line 32\n# Script 0 Line 33\n# Script 0 Line 34\n# Script 0 Line 35\n# Script 0 Line 36\n# Script 0 Line 37\n# Script 0 Line 38\n# Script 0 Line 39\n# Script 0 Line 40"},{"id":"c90e215f-1c4c-410d-b469-cc72d22caf11","event":{"kind":"green-flag"},"pythonCode":"# Script 1 Line 01\n# Script 1 Line 02\n# Script 1 Line 03\n# Script 1 Line 04\n# Script 1 Line 05\n# Script 1 Line 06\n# Script 1 Line 07\n# Script 1 Line 08\n# Script 1 Line 09\n# Script 1 Line 10\n# Script 1 Line 11\n# Script 1 Line 12\n# Script 1 Line 13\n# Script 1 Line 14\n# Script 1 Line 15\n# Script 1 Line 16\n# Script 1 Line 17\n# Script 1 Line 18\n# Script 1 Line 19\n# Script 1 Line 20\n# Script 1 Line 21\n# Script 1 Line 22\n# Script 1 Line 23\n# Script 1 Line 24\n# Script 1 Line 25\n# Script 1 Line 26\n# Script 1 Line 27\n# Script 1 Line 28\n# Script 1 Line 29\n# Script 1 Line 30\n# Script 1 Line 31\n# Script 1 Line 32\n# Script 1 Line 33\n# Script 1 Line 34\n# Script 1 Line 35\n# Script 1 Line 36\n# Script 1 Line 37\n# Script 1 Line 38\n# Script 1 Line 39\n# Script 1 Line 40\n# Script 1 Line 41\n# Script 1 Line 42\n# Script 1 Line 43\n# Script 1 Line 44\n# Script 1 Line 45\n# Script 1 Line 46\n# Script 1 Line 47\n# Script 1 Line 48\n# Script 1 Line 49\n# Script 1 Line 50"},{"id":"b361040b-2972-4d9f-8038-c9f80ae6269b","event":{"kind":"green-flag"},"pythonCode":""},{"id":"0bb13355-a7e8-4a0b-9ecc-59ad9841871f","event":{"kind":"green-flag"},"pythonCode":""},{"id":"1f9ec83f-3104-4f53-8824-fdd8990ffa39","event":{"kind":"green-flag"},"pythonCode":""}]},{"id":"90d9ef21-5598-4d61-9a3e-2b4c557ffe3d","kind":"sprite","name":"Snake","handlers":[{"id":"8a462e64-d3d9-4a3d-8bd4-966092f611b9","event":{"kind":"green-flag"},"pythonCode":"self.say_for_seconds(\"Hi there!\", 2.0)"}]}]}}