{"kind":"per-method","program":{"actors":[{"id":"2ebd27e0-67a3-494f-8a5c-31e37c3c4fed","kind":"stage","name":"Stage","handlers":[]},{"id":"ef79a648-fd34-4906-80da-af2dce2e0b80","kind":"sprite","name":"Snake","handlers":[{"id":"49e26016-7fc6-44a9-8bd9-fbe2d70fe381","event":{"kind":"green-flag"},"pythonCode":"self.say_for_seconds(\"Hi there!\", 2.0)"},{"id":"0ac24525-25bb-4c17-b7d9-50e321e931ff","event":{"kind":"message-received","message":"award-point"},"pythonCode":""},{"id":"ba95a931-26b9-4fad-a208-b34a077e232e","event":{"kind":"start-as-clone"},"pythonCode":""},{"id":"4e2eaa07-1939-4e09-9290-32f84aa0d0aa","event":{"kind":"clicked"},"pythonCode":""}]}]}}